{"cameraMode":{"drawMode":0,"name":"Shaded","section":"Shading Mode"},"sceneLighting":false,"audioPlay":false,"sceneViewState":{"m_AlwaysRefresh":false,"showFog":true,"showSkybox":false,"showFlares":true,"showImageEffects":true,"showParticleSystems":true,"showVisualEffectGraphs":true,"m_FxEnabled":true},"in2DMode":false,"pivot":{"x":-21.24449920654297,"y":2.5950000286102297,"z":-2.6584999561309816},"rotation":{"x":0.028531372547149659,"y":0.8299888968467712,"z":-0.04262150079011917,"w":0.5554840564727783},"size":22.18960189819336,"orthographic":false}